{
  "Version": "0.0",
  "LogLevel": "Verbose",
  "MappingTools": [
    {
      "$type": "WorkItemTypeMappingTool",
      "Enabled": true,
      "WorkItemTypeDefinition": {
        "sourceWorkItemTypeName": "targetWorkItemTypeName"
      }
    },
    {
      "$type": "WorkItemFieldMappingTool",
      "Enabled": true,
      "WorkItemFieldMaps": [
        {
          "$type": "MultiValueConditionalMapConfig",
          "WorkItemTypeName": "*",
          "sourceFieldsAndValues": {
            "Field1": "Value1",
            "Field2": "Value2"
          },
          "targetFieldsAndValues": {
            "Field1": "Value1",
            "Field2": "Value2"
          }
        },
        {
          "$type": "FieldSkipMapConfig",
          "WorkItemTypeName": "*",
          "targetField": "TfsMigrationTool.ReflectedWorkItemId"
        },
        {
          "$type": "FieldValueMapConfig",
          "WorkItemTypeName": "*",
          "sourceField": "System.State",
          "targetField": "System.State",
          "defaultValue": "New",
          "valueMapping": {
            "Approved": "New",
            "New": "New",
            "Committed": "Active",
            "In Progress": "Active",
            "To Do": "New",
            "Done": "Closed",
            "Removed": "Removed"
          }
        },
        {
          "$type": "FieldtoFieldMapConfig",
          "WorkItemTypeName": "*",
          "sourceField": "Microsoft.VSTS.Common.BacklogPriority",
          "targetField": "Microsoft.VSTS.Common.StackRank"
        },
        {
          "$type": "FieldtoFieldMultiMapConfig",
          "WorkItemTypeName": "*",
          "SourceToTargetMappings": {
            "SourceField1": "TargetField1",
            "SourceField2": "TargetField2"
          }
        },
        {
          "$type": "FieldtoTagMapConfig",
          "WorkItemTypeName": "*",
          "sourceField": "System.State",
          "formatExpression": "ScrumState:{0}"
        },
        {
          "$type": "FieldMergeMapConfig",
          "WorkItemTypeName": "*",
          "sourceField1": "System.Description",
          "sourceField2": "Microsoft.VSTS.Common.AcceptanceCriteria",
          "targetField": "System.Description",
          "formatExpression": "{0} <br/><br/><h3>Acceptance Criteria</h3>{1}",
          "doneMatch": "##DONE##"
        },
        {
          "$type": "RegexFieldMapConfig",
          "WorkItemTypeName": "*",
          "sourceField": "COMPANY.PRODUCT.Release",
          "targetField": "COMPANY.DEVISION.MinorReleaseVersion",
          "pattern": "PRODUCT \\d{4}.(\\d{1})",
          "replacement": "$1"
        },
        {
          "$type": "FieldValuetoTagMapConfig",
          "WorkItemTypeName": "*",
          "sourceField": "Microsoft.VSTS.CMMI.Blocked",
          "pattern": "Yes",
          "formatExpression": "{0}"
        },
        {
          "$type": "TreeToTagMapConfig",
          "WorkItemTypeName": "*",
          "toSkip": 3,
          "timeTravel": 1
        }
      ]
    },
    {
      "$type": "WorkItemGitRepoMappingTool",
      "Enabled": true,
      "WorkItemGitRepos": {
        "sourceRepoName": "targetRepoName"
      }
    }
  ],
  "Endpoints": {
    "TfsWorkItemEndpoints": [
      {
        "Name": "Source",
        "AccessToken": "qosss7crwz3vie4fupzpaafjndoy6g6ulgkzhoxtmjgicv2lqjyq",
        "Query": {
          "Query": "SELECT [System.Id], [System.Tags] FROM WorkItems WHERE [System.TeamProject] = @TeamProject AND [System.WorkItemType] NOT IN ('Test Suite', 'Test Plan') ORDER BY [System.ChangedDate] desc"
          "Parameters": {
            "TeamProject": "MigrationSource1"
          }
        },
        "Organisation": "https://dev.azure.com/nkdagility-preview/",
        "Project": "migrationSource1",
        "ReflectedWorkItemIdField": "Custom.ReflectedWorkItemId",
        "AuthenticationMode": "Prompt",
        "AllowCrossProjectLinking": false,
        "PersonalAccessToken": "qosss7crwz3vie4fupzpaafjndoy6g6ulgkzhoxtmjgicv2lqjyq",
        "LanguageMaps": {
          "AreaPath": "Area",
          "IterationPath": "Iteration"
        }
      },
      {
        "Name": "Target",
        "AccessToken": "qosss7crwz3vie4fupzpaafjndoy6g6ulgkzhoxtmjgicv2lqjyq",
        "Query": {
          "Query": "SELECT [System.Id], [System.Tags] FROM WorkItems WHERE [System.TeamProject] = @TeamProject AND [System.WorkItemType] NOT IN ('Test Suite', 'Test Plan') ORDER BY [System.ChangedDate] desc"
        },
        "Organisation": "https://dev.azure.com/nkdagility-preview/",
        "Project": "migrationTarget1",
        "ReflectedWorkItemIdField": "nkdScrum.ReflectedWorkItemId",
        "AuthenticationMode": "Prompt",
        "AllowCrossProjectLinking": false,
        "LanguageMaps": {
          "AreaPath": "Area",
          "IterationPath": "Iteration"
        }
      }
    ]
  },
  "Source": {
    "$type": "TfsTeamProjectConfig",
    "Collection": "https://dev.azure.com/nkdagility-preview/",
    "Project": "migrationSource1",
    "ReflectedWorkItemIDFieldName": "Custom.ReflectedWorkItemId",
    "AuthenticationMode": "Prompt",
    "AllowCrossProjectLinking": false,
    "PersonalAccessToken": "qosss7crwz3vie4fupzpaafjndoy6g6ulgkzhoxtmjgicv2lqjyq",
    "LanguageMaps": {
      "AreaPath": "Area",
      "IterationPath": "Iteration"
    }
  },
  "Target": {
    "$type": "TfsTeamProjectConfig",
    "Collection": "https://dev.azure.com/nkdagility-preview/",
    "Project": "migrationTarget1",
    "ReflectedWorkItemIDFieldName": "nkdScrum.ReflectedWorkItemId",
    "AuthenticationMode": "Prompt",
    "AllowCrossProjectLinking": false,
    "PersonalAccessToken": "qosss7crwz3vie4fupzpaafjndoy6g6ulgkzhoxtmjgicv2lqjyq",
    "LanguageMaps": {
      "AreaPath": "Area",
      "IterationPath": "Iteration"
    }
  },
  "Processors": [
    {
      "$type": "WorkItemTrackingProcessorOptions",
      "Enabled": false,
      "ReplayRevisions": true,
      "CollapseRevisions": false,
      "WorkItemCreateRetryLimit": 5,
      "Enrichers": [
        {
          "$type": "PauseAfterEachItemOptions",
          "Enabled": true
        },
        {
          "$type": "FilterWorkItemsThatAlreadyExistInTargetOptions",
          "Enabled": true,
          "Query": {
            "WhereBit": "AND [System.WorkItemType] NOT IN ('Test Suite', 'Test Plan')",
            "OrderBit": "[System.ChangedDate] desc"
          }
        },
        {
          "$type": "AppendMigrationToolSignatureFooterOptions",
          "Enabled": false
        },
        {
          "$type": "SkipToFinalRevisedWorkItemTypeOptions",
          "Enabled": false
        }
      ],
      "SourceName": "Source",
      "TargetName": "Target",
      "Endpoints": [
        {
          "$type": "FileSystemWorkItemEndpointOptions",
          "Direction": "Source",
          "FileStore": ".\\Store\\Source\\",
          "Query": {
            "WhereBit": "AND [System.WorkItemType] NOT IN ('Test Suite', 'Test Plan')",
            "OrderBit": "[System.ChangedDate] desc"
          },
          "Enrichers": [
            {
              "$type": "FileSystemWorkItemAttachmentEnricherOptions",
              "Enabled": true,
              "AttachmentWorkingPath": "c:\\temp\\WorkItemAttachmentWorkingFolder\\",
              "AttachmentMaxSize": 480000000
            }
          ]
        },
        {
          "$type": "TfsWorkItemEndPointOptions",
          "Direction": "Target",
          "AccessToken": "qosss7crwz3vie4fupzpaafjndoy6g6ulgkzhoxtmjgicv2lqjyq",
          "Query": {
            "Query": "SELECT [System.Id], [System.Tags] FROM WorkItems WHERE [System.TeamProject] = @TeamProject AND [System.WorkItemType] NOT IN ('Test Suite', 'Test Plan') ORDER BY [System.ChangedDate] desc"
          },
          "Enrichers": [
            {
              "$type": "TfsWorkItemAttachmentEnricherOptions",
              "Enabled": true,
              "AttachmentWorkingPath": "c:\\temp\\WorkItemAttachmentWorkingFolder\\",
              "AttachmentMaxSize": 480000000
            },
            {
              "$type": "TfsWorkItemEmbedEnricherOptions",
              "Enabled": true,
              "AttachmentWorkingPath": "c:\\temp\\WorkItemAttachmentWorkingFolder\\"
            },
            {
              "$type": "TfsWorkItemLinkEnricherOptions",
              "Enabled": true
            },
            {
              "$type": "TfsWorkItemCreatedEnricherOptions",
              "Enabled": true,
              "UpdateCreatedDate": true,
              "UpdateCreatedBy": true
            },
            {
              "$type": "TfsWorkItemFieldTableEnricherOptions",
              "Enabled": true
            }
          ]
        }
      ]
    },
    {
      "$type": "TfsAreaAndIterationProcessorOptions",
      "Enabled": true,
      "SourceName": "Source",
      "TargetName": "Target"
    }
  ]
}