{
  "ChangeSetMappingFile": null,
  "Source": {
    "$type": "TfsTeamProjectConfig",
    "Collection": "https://dev.azure.com/nkdagility-preview/",
    "Project": "migrationSource1",
    "ReflectedWorkItemIDFieldName": "Custom.ReflectedWorkItemId",
    "AllowCrossProjectLinking": false,
    "AuthenticationMode": "AccessToken",
    "PersonalAccessToken": "",
    "PersonalAccessTokenVariableName": "",
    "LanguageMaps": {
      "AreaPath": "Area",
      "IterationPath": "Iteration"
    }
  },
  "Target": {
    "$type": "TfsTeamProjectConfig",
    "Collection": "https://dev.azure.com/nkdagility-preview/",
    "Project": "migrationTest5",
    "ReflectedWorkItemIDFieldName": "nkdScrum.ReflectedWorkItemId",
    "AllowCrossProjectLinking": false,
    "AuthenticationMode": "AccessToken",
    "PersonalAccessToken": "",
    "PersonalAccessTokenVariableName": "",
    "LanguageMaps": {
      "AreaPath": "Area",
      "IterationPath": "Iteration"
    }
  },
  "FieldMaps": [],
  "GitRepoMapping": null,
  "LogLevel": "Debug",
  "CommonEnrichersConfig": [
    {
      "$type": "TfsNodeStructureOptions",
      "RefName": "TfsNodeStructure",
      "Enabled": true,
      "NodeBasePaths": [],
      "AreaMaps": {
        "^migrationSource1([\\\\]?.*)$": "MigrationTest5$1",
        "^nkdProducts([\\\\]?.*)$": "MigrationTest5$1",
        "^Skypoint Cloud$": "MigrationTest5"
      },
      "IterationMaps": {
        "^migrationSource1([\\\\]?.*)$": "MigrationTest5$1",
        "^nkdProducts([\\\\]?.*)$": "MigrationTest5$1",
        "^Skypoint Cloud\\\\Sprint 1$": "MigrationTest5\\Sprint 1"
      },
      "ShouldCreateMissingRevisionPaths": true,
      "ReplicateAllExistingNodes": true
    },
    {
      "$type": "TfsTeamSettingsEnricherOptions",
      "Enabled": true,
      "MigrateTeamSettings": true,
      "UpdateTeamSettings": true,
      "MigrateTeamCapacities": true,
      "Teams": null
    },
    {
      "$type": "TfsWorkItemLinkEnricherOptions",
      "RefName": "TfsWorkItemLinkEnricher",
      "Enabled": true,
      "FilterIfLinkCountMatches": true,
      "SaveAfterEachLinkIsAdded": false
    },
    {
      "$type": "TfsRevisionManagerOptions",
      "RefName": "TfsRevisionManager",
      "Enabled": true,
      "ReplayRevisions": true,
      "MaxRevisions": 0
    },
    {
      "$type": "TfsAttachmentEnricherOptions",
      "RefName": "TfsAttachmentEnricher",
      "Enabled": true,
      "ExportBasePath": "c:\\temp\\WorkItemAttachmentExport",
      "MaxRevisions": 480000000
    },
    {
      "$type": "StringManipulatorEnricherOptions",
      "RefName": "StringManipulator",
      "Enabled": true,
      "MaxStringLength": 1000000,
      "Manipulators": [
        {
          "$type": "RegexStringManipulator",
          "Enabled": true,
          "Pattern": "[^( -~)\n\r\t]+",
          "Replacement": "",
          "Description": "Remove invalid characters from the end of the string"
        }
      ]
    },
    {
      "$type": "TfsUserMappingEnricherOptions",
      "RefName": "TfsUserMappingEnricher",
      "Enabled": true,
      "UserMappingFile": "C:\\temp\\userExport.json",
      "IdentityFieldsToCheck": [
        "System.AssignedTo",
        "System.ChangedBy",
        "System.CreatedBy",
        "Microsoft.VSTS.Common.ActivatedBy",
        "Microsoft.VSTS.Common.ResolvedBy",
        "Microsoft.VSTS.Common.ClosedBy"
      ]
    }
  ],
  "Processors": [
    {
      "$type": "WorkItemMigrationConfig",
      "Enabled": false,
      "UpdateCreatedDate": true,
      "UpdateCreatedBy": true,
      "WIQLQuery": "SELECT [System.Id] FROM WorkItems WHERE [System.TeamProject] = @TeamProject AND [System.WorkItemType] NOT IN ('Test Suite', 'Test Plan','Shared Steps','Shared Parameter','Feedback Request') ORDER BY [System.ChangedDate] desc",
      "FixHtmlAttachmentLinks": false,
      "WorkItemCreateRetryLimit": 5,
      "FilterWorkItemsThatAlreadyExistInTarget": false,
      "PauseAfterEachWorkItem": false,
      "AttachRevisionHistory": false,
      "GenerateMigrationComment": true,
      "WorkItemIDs": null,
      "MaxGracefulFailures": 0,
      "SkipRevisionWithInvalidIterationPath": false,
      "SkipRevisionWithInvalidAreaPath": false
    },
    {
      "$type": "WorkItemPostProcessingConfig",
      "Enabled": true,
      "WIQLQuery": "SELECT [System.Id] FROM WorkItems WHERE [System.TeamProject] = @TeamProject AND [System.WorkItemType] NOT IN ('Test Suite', 'Test Plan','Shared Steps','Shared Parameter','Feedback Request') ORDER BY [System.ChangedDate] desc",
      "WorkItemCreateRetryLimit": 5,
      "FilterWorkItemsThatAlreadyExistInTarget": false,
      "PauseAfterEachWorkItem": false
    },
    {
      "$type": "ExportUsersForMappingConfig",
      "Enabled": false,
      "WIQLQuery": "SELECT [System.Id] FROM WorkItems WHERE [System.TeamProject] = @TeamProject AND [System.WorkItemType] NOT IN ('Test Suite', 'Test Plan','Shared Steps','Shared Parameter','Feedback Request') ORDER BY [System.ChangedDate] desc",
      "OnlyListUsersInWorkItems": true
    }
  ],
  "Version": "15.0",
  "workaroundForQuerySOAPBugEnabled": false,
  "WorkItemTypeDefinition": {
    "User Story": "Product Backlog Item"
  },
  "Endpoints": {
    "InMemoryWorkItemEndpoints": [
      {
        "Name": "Source",
        "EndpointEnrichers": null
      },
      {
        "Name": "Target",
        "EndpointEnrichers": null
      }
    ]
  }
}