<?xml version="1.0"?>
<doc>
    <assembly>
        <name>MigrationTools.Host</name>
    </assembly>
    <members>
        <member name="F:ThisAssembly.Git.IsDirty">
            <summary>
            Gets whether the current repository is dirty.
            </summary>
        </member>
        <member name="F:ThisAssembly.Git.IsDirtyString">
            <summary>
            => @"true"
            </summary>
        </member>
        <member name="F:ThisAssembly.Git.RepositoryUrl">
            <summary>
            => @"git@github.com:nkdAgility/azure-devops-migration-tools.git"
            </summary>
        </member>
        <member name="F:ThisAssembly.Git.Branch">
            <summary>
            => @"main"
            </summary>
        </member>
        <member name="F:ThisAssembly.Git.Commit">
            <summary>
            => @"7e98ef4"
            </summary>
        </member>
        <member name="F:ThisAssembly.Git.Sha">
            <summary>
            => @"7e98ef4040d58870622a0624efe60bd4d5b432b6"
            </summary>
        </member>
        <member name="F:ThisAssembly.Git.CommitDate">
            <summary>
            => @"2024-06-22T22:31:23+01:00"
            </summary>
        </member>
        <member name="F:ThisAssembly.Git.Commits">
            <summary>
            => @"0"
            </summary>
        </member>
        <member name="F:ThisAssembly.Git.Tag">
            <summary>
            => @"v15.1.1-Preview.1"
            </summary>
        </member>
        <member name="F:ThisAssembly.Git.BaseTag">
            <summary>
            => @"v15.1.1-Preview.1"
            </summary>
        </member>
        <member name="F:ThisAssembly.Git.BaseVersion.Major">
            <summary>
            => @"15"
            </summary>
        </member>
        <member name="F:ThisAssembly.Git.BaseVersion.Minor">
            <summary>
            => @"1"
            </summary>
        </member>
        <member name="F:ThisAssembly.Git.BaseVersion.Patch">
            <summary>
            => @"1"
            </summary>
        </member>
        <member name="F:ThisAssembly.Git.SemVer.Major">
            <summary>
            => @"15"
            </summary>
        </member>
        <member name="F:ThisAssembly.Git.SemVer.Minor">
            <summary>
            => @"1"
            </summary>
        </member>
        <member name="F:ThisAssembly.Git.SemVer.Patch">
            <summary>
            => @"1"
            </summary>
        </member>
        <member name="F:ThisAssembly.Git.SemVer.Label">
            <summary>
            => @"Preview.1"
            </summary>
        </member>
        <member name="F:ThisAssembly.Git.SemVer.DashLabel">
            <summary>
            => @"-Preview.1"
            </summary>
        </member>
        <member name="F:ThisAssembly.Git.SemVer.Source">
            <summary>
            => @"Tag"
            </summary>
        </member>
    </members>
</doc>
