<?xml version="1.0"?>
<doc>
    <assembly>
        <name>MigrationTools</name>
    </assembly>
    <members>
        <member name="M:MigrationTools.DataContracts.Pipelines.BuildDefinition.ResetObject">
            <inheritdoc/>
        </member>
        <member name="M:MigrationTools.DataContracts.Pipelines.Process.ShouldSerializeYamlFilename">
            <summary>
            If the value is set, then serialize it, if it isn't don't
            </summary>
            <returns>bool on if the YamlFilename should be serialized.</returns>
        </member>
        <member name="M:MigrationTools.DataContracts.Pipelines.Process.ShouldSerializePhases">
            <summary>
            If the type is 1 then this is a classis pipeline, so the phases should be serialized.
            </summary>
            <returns>bool on if the Phases should be serialized.</returns>
        </member>
        <member name="M:MigrationTools.DataContracts.Pipelines.ReleaseDefinition.ResetObject">
            <inheritdoc/>
        </member>
        <member name="M:MigrationTools.DataContracts.RestApiDefinition.ResetObject">
            <summary>
            reset values that cannot be set on new objects
            </summary>
            <returns>The clean RestApiDefinition</returns>
        </member>
        <member name="M:MigrationTools.DataContracts.RestApiDefinition.HasTaskGroups">
            <summary>
            Checks whether the Definition references Taskgroups
            </summary>
            <returns>bool</returns>
        </member>
        <member name="M:MigrationTools.DataContracts.RestApiDefinition.HasVariableGroups">
            <summary>
            Checks whether the Definition references Variablegroups
            </summary>
            <returns>bool</returns>
        </member>
        <member name="P:MigrationTools.Enrichers.IEnricherOptions.Enabled">
            <summary>
            Active the enricher if it true.
            </summary>
        </member>
        <member name="P:MigrationTools.Enrichers.ProcessorEnricherOptions.Enabled">
            <summary>
            If enabled this will run this migrator
            </summary>
            <default>true</default>
        </member>
        <member name="P:MigrationTools.Enrichers.ProcessorEnricherOptions.RefName">
            <summary>
            For internal use
            </summary>
        </member>
        <member name="P:MigrationTools.Enrichers.StringManipulatorEnricherOptions.MaxStringLength">
            <summary>
            Max number of chars in a string. Applied last, and set to 1000000 by default.
            </summary>
            <default>1000000</default>
        </member>
        <member name="P:MigrationTools.Enrichers.StringManipulatorEnricherOptions.Manipulators">
            <summary>
            List of regex based string manipulations to apply to all string fields. Each regex replacement is applied in order and can be enabled or disabled.
            </summary>
            <default>{}</default>
        </member>
        <member name="P:MigrationTools.Options.IOptions.RefName">
            <summary>
            If you set a `RefName` then this configration will be added to a Catalog of configurations that can be refernced using tha `RefName` so tha tyou dont have to keep adding the ame items with the same configuration.
            </summary>
        </member>
        <member name="T:MigrationTools.ProcessorEnrichers.WorkItemProcessorEnrichers.StringManipulatorEnricher">
            <summary>
            Used to process the String fields of a work item. This is useful for cleaning up data. It will limit fields to a max length and apply regex replacements based on what is configured. Each regex replacement is applied in order and can be enabled or disabled.
            </summary>
        </member>
        <member name="P:MigrationTools.Processors.IProcessorOptions.SourceName">
            <summary>
            This is the `IEndpoint` that will be used as the source of the Migration. Can be null for a write only processor.
            </summary>
        </member>
        <member name="P:MigrationTools.Processors.IProcessorOptions.TargetName">
            <summary>
            This is the `IEndpoint` that will be used as the Target of the Migration. Can be null for a read only processor.
            </summary>
        </member>
        <member name="P:MigrationTools.Processors.IProcessorOptions.ProcessorEnrichers">
            <summary>
            List of Enrichers that can be used to add more features to this processor. Only works with Native Processors and not legacy Processors.
            </summary>
        </member>
        <member name="P:MigrationTools.Processors.ProcessorOptions.Enabled">
            <summary>
            If set to `true` then the processor will run. Set to `false` and the processor will not run.
            </summary>
        </member>
        <member name="P:MigrationTools.Processors.ProcessorOptions.ProcessorEnrichers">
            <summary>
            List of Enrichers that can be used to add more features to this processor. Only works with Native Processors and not legacy Processors.
            </summary>
        </member>
        <member name="P:MigrationTools.Processors.ProcessorOptions.RefName">
            <summary>
            `Refname` will be used in the future to allow for using named Options without the need to copy all of the options.
            </summary>
        </member>
        <member name="T:MigrationTools.Processors.WorkItemTrackingProcessor">
            <summary>
            This processor is intended, with the aid of [ProcessorEnrichers](../ProcessorEnrichers/index.md), to allow the migration of Work Items between two [Endpoints](../Endpoints/index.md).
            </summary>
        </member>
        <member name="T:MigrationTools._EngineV1.Configuration.FieldMap.FieldClearMapConfig">
            <summary>
            Allows you to set an already populated field to Null. This will only work with fields that support null.
            </summary>
            <status>ready</status>
            <processingtarget>Work Item</processingtarget>
        </member>
        <member name="T:MigrationTools._EngineV1.Configuration.FieldMap.FieldLiteralMapConfig">
            <summary>
            Sets a field on the `target` to b a specific value.
            </summary>
            <status>ready</status>
            <processingtarget>Work Item Field</processingtarget>
        </member>
        <member name="T:MigrationTools._EngineV1.Configuration.FieldMap.FieldMergeMapConfig">
            <summary>
            Ever wanted to merge two or three fields? This mapping will let you do just that.
            </summary>
            <status>ready</status>
            <processingtarget>Work Item Field</processingtarget>
        </member>
        <member name="T:MigrationTools._EngineV1.Configuration.FieldMap.FieldSkipMapConfig">
            <summary>
            Allows you to skip populating an existing field. Value in target with be reset to its OriginalValue.
            </summary>
            <status>ready</status>
            <processingtarget>Work Item</processingtarget>
        </member>
        <member name="T:MigrationTools._EngineV1.Configuration.FieldMap.FieldtoFieldMapConfig">
            <summary>
            Just want to map one field to another? This is the one for you.
            </summary>
            <status>ready</status>
            <processingtarget>Work Item Field</processingtarget>
        </member>
        <member name="T:MigrationTools._EngineV1.Configuration.FieldMap.FieldtoFieldMultiMapConfig">
            <summary>
            Want to setup a bunch of field maps in a single go. Use this shortcut!
            </summary>
            <status>ready</status>
            <processingtarget>Work Item Field</processingtarget>
        </member>
        <member name="T:MigrationTools._EngineV1.Configuration.FieldMap.FieldtoTagMapConfig">
            <summary>
            Want to take a field and convert its value to a tag? Done...
            </summary>
            <status>ready</status>
            <processingtarget>Work Item Field</processingtarget>
        </member>
        <member name="T:MigrationTools._EngineV1.Configuration.FieldMap.FieldValueMapConfig">
            <summary>
            Need to map not just the field but also values? This is the default value mapper.
            </summary>
            <status>ready</status>
            <processingtarget>Work Item Field</processingtarget>
        </member>
        <member name="T:MigrationTools._EngineV1.Configuration.FieldMap.FieldValuetoTagMapConfig">
            <summary>
            Need to create a Tag based on a field value? Just create a regex match and choose how to populate the target.
            </summary>
            <status>ready</status>
            <processingtarget>Work Item Field</processingtarget>
        </member>
        <member name="T:MigrationTools._EngineV1.Configuration.FieldMap.MultiValueConditionalMapConfig">
            <summary>
            ??? If you know how to use this please send a PR :)
            </summary>
            <status>ready</status>
            <processingtarget>Work Item Field</processingtarget>
        </member>
        <member name="T:MigrationTools._EngineV1.Configuration.FieldMap.RegexFieldMapConfig">
            <summary>
             I just need that bit of a field... need to send "2016.2" to two fields, one for year and one for release? Done.
            </summary>
            <status>ready</status>
            <processingtarget>Work Item Field</processingtarget>
        </member>
        <member name="T:MigrationTools._EngineV1.Configuration.FieldMap.TreeToTagMapConfig">
            <summary>
            Need to clear out those nasty Area tree hierarchies? This creates Tags for each node in the Area Path...
            </summary>
            <status>ready</status>
            <processingtarget>Work Item Field</processingtarget>
        </member>
        <member name="P:MigrationTools._EngineV1.Configuration.IProcessorConfig.Enabled">
            <summary>
            Active the processor if it true.
            </summary>
        </member>
        <member name="M:MigrationTools._EngineV1.Configuration.IProcessorConfig.IsProcessorCompatible(System.Collections.Generic.IReadOnlyList{MigrationTools._EngineV1.Configuration.IProcessorConfig})">
            <summary>
            Indicates, if this processor can be added to the list of current processors or not.
            Some processors are not compatible with each other.
            </summary>
            <param name="otherProcessors">List of already configured processors.</param>
        </member>
        <member name="P:MigrationTools._EngineV1.Configuration.Processing.ExportProfilePictureFromADConfig.Domain">
            <summary>
            The source domain where the pictures should be exported. 
            </summary>
            <default>String.Empty</default>
        </member>
        <member name="P:MigrationTools._EngineV1.Configuration.Processing.ExportProfilePictureFromADConfig.Username">
            <summary>
            The user name of the user that is used to export the pictures.
            </summary>
            <default>String.Empty</default>
        </member>
        <member name="P:MigrationTools._EngineV1.Configuration.Processing.ExportProfilePictureFromADConfig.Password">
            <summary>
            The password of the user that is used to export the pictures.
            </summary>
            <default>String.Empty</default>
        </member>
        <member name="P:MigrationTools._EngineV1.Configuration.Processing.ExportProfilePictureFromADConfig.PictureEmpIDFormat">
            <summary>
            TODO: You wpuld need to customise this for your system. Clone repo and run in Debug
            </summary>
            <default>String.Empty</default>
        </member>
        <member name="P:MigrationTools._EngineV1.Configuration.Processing.ExportProfilePictureFromADConfig.Enabled">
            <inheritdoc />
        </member>
        <member name="P:MigrationTools._EngineV1.Configuration.Processing.ExportProfilePictureFromADConfig.Processor">
            <inheritdoc />
        </member>
        <member name="M:MigrationTools._EngineV1.Configuration.Processing.ExportProfilePictureFromADConfig.IsProcessorCompatible(System.Collections.Generic.IReadOnlyList{MigrationTools._EngineV1.Configuration.IProcessorConfig})">
            <inheritdoc />
        </member>
        <!-- Badly formed XML comment ignored for member "P:MigrationTools._EngineV1.Configuration.Processing.ExportUsersForMappingConfig.OnlyListUsersInWorkItems" -->
        <member name="M:MigrationTools._EngineV1.Configuration.Processing.ExportUsersForMappingConfig.IsProcessorCompatible(System.Collections.Generic.IReadOnlyList{MigrationTools._EngineV1.Configuration.IProcessorConfig})">
            <inheritdoc />
        </member>
        <member name="P:MigrationTools._EngineV1.Configuration.Processing.FakeProcessorConfig.Enabled">
            <inheritdoc />
        </member>
        <member name="P:MigrationTools._EngineV1.Configuration.Processing.FakeProcessorConfig.Processor">
            <inheritdoc />
        </member>
        <member name="M:MigrationTools._EngineV1.Configuration.Processing.FakeProcessorConfig.IsProcessorCompatible(System.Collections.Generic.IReadOnlyList{MigrationTools._EngineV1.Configuration.IProcessorConfig})">
            <inheritdoc />
        </member>
        <member name="M:MigrationTools._EngineV1.Configuration.Processing.FixGitCommitLinksConfig.IsProcessorCompatible(System.Collections.Generic.IReadOnlyList{MigrationTools._EngineV1.Configuration.IProcessorConfig})">
            <inheritdoc />
        </member>
        <member name="P:MigrationTools._EngineV1.Configuration.Processing.ImportProfilePictureConfig.Enabled">
            <inheritdoc />
        </member>
        <member name="P:MigrationTools._EngineV1.Configuration.Processing.ImportProfilePictureConfig.Processor">
            <inheritdoc />
        </member>
        <member name="M:MigrationTools._EngineV1.Configuration.Processing.ImportProfilePictureConfig.IsProcessorCompatible(System.Collections.Generic.IReadOnlyList{MigrationTools._EngineV1.Configuration.IProcessorConfig})">
            <inheritdoc />
        </member>
        <member name="P:MigrationTools._EngineV1.Configuration.Processing.TeamMigrationConfig.Enabled">
            <inheritdoc />
        </member>
        <member name="P:MigrationTools._EngineV1.Configuration.Processing.TeamMigrationConfig.EnableTeamSettingsMigration">
            <summary>
            Migrate original team settings after their creation on target team project
            </summary>
            <default>true</default>
        </member>
        <member name="P:MigrationTools._EngineV1.Configuration.Processing.TeamMigrationConfig.FixTeamSettingsForExistingTeams">
            <summary>
            Reset the target team settings to match the source if the team exists
            </summary>
            <default>true</default>
        </member>
        <member name="P:MigrationTools._EngineV1.Configuration.Processing.TeamMigrationConfig.Processor">
            <inheritdoc />
        </member>
        <member name="M:MigrationTools._EngineV1.Configuration.Processing.TeamMigrationConfig.IsProcessorCompatible(System.Collections.Generic.IReadOnlyList{MigrationTools._EngineV1.Configuration.IProcessorConfig})">
            <inheritdoc />
        </member>
        <member name="P:MigrationTools._EngineV1.Configuration.Processing.TestConfigurationsMigrationConfig.Enabled">
            <inheritdoc />
        </member>
        <member name="P:MigrationTools._EngineV1.Configuration.Processing.TestConfigurationsMigrationConfig.Processor">
            <inheritdoc />
        </member>
        <member name="M:MigrationTools._EngineV1.Configuration.Processing.TestConfigurationsMigrationConfig.IsProcessorCompatible(System.Collections.Generic.IReadOnlyList{MigrationTools._EngineV1.Configuration.IProcessorConfig})">
            <inheritdoc />
        </member>
        <member name="P:MigrationTools._EngineV1.Configuration.Processing.TestPlansAndSuitesMigrationConfig.OnlyElementsWithTag">
            <summary>
            The tag name that is present on all elements that must be migrated. If this option isn't present this processor will migrate all.
            </summary>
            <default>`String.Empty`</default>
        </member>
        <member name="P:MigrationTools._EngineV1.Configuration.Processing.TestPlansAndSuitesMigrationConfig.TestPlanQuery">
            <summary>
            Filtering conditions to decide whether to migrate a test plan or not. When provided, this partial query is added after `Select * From TestPlan Where` when selecting test plans. Among filtering options, `AreaPath`, `PlanName` and `PlanState` are known to work. There is unfortunately no documentation regarding the available fields.
            </summary>
            <default>`String.Empty`</default>
        </member>
        <member name="P:MigrationTools._EngineV1.Configuration.Processing.TestPlansAndSuitesMigrationConfig.RemoveAllLinks">
            <summary>
            ??Not sure what this does. Check code.
            </summary>
            <default>false</default>
        </member>
        <member name="P:MigrationTools._EngineV1.Configuration.Processing.TestPlansAndSuitesMigrationConfig.MigrationDelay">
            <summary>
            ??Not sure what this does. Check code.
            </summary>
            <default>0</default>
        </member>
        <member name="P:MigrationTools._EngineV1.Configuration.Processing.TestPlansAndSuitesMigrationConfig.Processor">
            <summary>
            Indicates whether the configuration for node structure transformation should be taken from the common enricher configs. Otherwise the configuration elements below are used
            </summary>
            <default>false</default>
        </member>
        <member name="P:MigrationTools._EngineV1.Configuration.Processing.TestPlansAndSuitesMigrationConfig.RemoveInvalidTestSuiteLinks">
            <summary>
            Remove Invalid Links, see https://github.com/nkdAgility/azure-devops-migration-tools/issues/178
            </summary>
        </member>
        <member name="M:MigrationTools._EngineV1.Configuration.Processing.TestPlansAndSuitesMigrationConfig.IsProcessorCompatible(System.Collections.Generic.IReadOnlyList{MigrationTools._EngineV1.Configuration.IProcessorConfig})">
            <inheritdoc />
        </member>
        <member name="P:MigrationTools._EngineV1.Configuration.Processing.TestVariablesMigrationConfig.Enabled">
            <inheritdoc />
        </member>
        <member name="P:MigrationTools._EngineV1.Configuration.Processing.TestVariablesMigrationConfig.Processor">
            <inheritdoc />
        </member>
        <member name="M:MigrationTools._EngineV1.Configuration.Processing.TestVariablesMigrationConfig.IsProcessorCompatible(System.Collections.Generic.IReadOnlyList{MigrationTools._EngineV1.Configuration.IProcessorConfig})">
            <inheritdoc />
        </member>
        <member name="M:MigrationTools._EngineV1.Configuration.Processing.WorkItemDeleteConfig.IsProcessorCompatible(System.Collections.Generic.IReadOnlyList{MigrationTools._EngineV1.Configuration.IProcessorConfig})">
            <inheritdoc />
        </member>
        <member name="P:MigrationTools._EngineV1.Configuration.Processing.WorkItemMigrationConfig.UpdateCreatedDate">
            <summary>
            If this is enabled the creation process on the target project will create the items with the original creation date.
            (Important: The item history is always pointed to the date of the migration, it's change only the data column CreateDate,
            not the internal create date)
            </summary>
            <default>true</default>
        </member>
        <member name="P:MigrationTools._EngineV1.Configuration.Processing.WorkItemMigrationConfig.UpdateCreatedBy">
            <summary>
            If this is enabled the creation process on the target project will create the items with the original creation date.
            (Important: The item history is always pointed to the date of the migration, it's change only the data column CreateDate,
            not the internal create date)
            </summary>
            <default>true</default>
        </member>
        <member name="P:MigrationTools._EngineV1.Configuration.Processing.WorkItemMigrationConfig.WIQLQuery">
            <summary>
            A work item query based on WIQL to select only important work items. To migrate all leave this empty. See [WIQL Query Bits](#wiql-query-bits)
            </summary>
            <default>SELECT [System.Id] FROM WorkItems WHERE [System.TeamProject] = @TeamProject AND [[System.WorkItemType] NOT IN ('Test Suite', 'Test Plan','Shared Steps','Shared Parameter','Feedback Request') ORDER BY [System.ChangedDate] desc</default>
        </member>
        <member name="P:MigrationTools._EngineV1.Configuration.Processing.WorkItemMigrationConfig.Enabled">
            <summary>
            If enabled then the processor will run
            </summary>
            <default>false</default>
        </member>
        <member name="P:MigrationTools._EngineV1.Configuration.Processing.WorkItemMigrationConfig.Processor">
            <summary>
            Name used to identify this processor
            </summary>
            <default>?</default>
        </member>
        <member name="P:MigrationTools._EngineV1.Configuration.Processing.WorkItemMigrationConfig.FixHtmlAttachmentLinks">
            <summary>
            **beta** If enabled this will fix any image attachments URL's, work item mention URL's or user mentions in the HTML
            fields as well as discussion comments. You must specify a PersonalAccessToken in the Source project for Azure DevOps;
            TFS should use integrated authentication.
            </summary>
            <default>?</default>
        </member>
        <member name="P:MigrationTools._EngineV1.Configuration.Processing.WorkItemMigrationConfig.WorkItemCreateRetryLimit">
            <summary>
            **beta** If set to a number greater than 0 work items that fail to save will retry after a number of seconds equal to the retry count.
            This allows for periodic network glitches not to end the process.
            </summary>
            <default>5</default>
        </member>
        <member name="P:MigrationTools._EngineV1.Configuration.Processing.WorkItemMigrationConfig.FilterWorkItemsThatAlreadyExistInTarget">
            <summary>
            This loads all of the work items already saved to the Target and removes them from the Source work item list prior to commencing the run.
            While this may take some time in large data sets it reduces the time of the overall migration significantly if you need to restart.
            </summary>
            <default>true</default>
        </member>
        <member name="P:MigrationTools._EngineV1.Configuration.Processing.WorkItemMigrationConfig.PauseAfterEachWorkItem">
            <summary>
            Pause after each work item is migrated
            </summary>
            <default>false</default>
        </member>
        <member name="P:MigrationTools._EngineV1.Configuration.Processing.WorkItemMigrationConfig.AttachRevisionHistory">
            <summary>
            This will create a json file with the revision history and attach it to the work item. Best used with `MaxRevisions` or `ReplayRevisions`.
            </summary>
            <default>?</default>
        </member>
        <member name="P:MigrationTools._EngineV1.Configuration.Processing.WorkItemMigrationConfig.GenerateMigrationComment">
            <summary>
            If enabled, adds a comment recording the migration
            </summary>
            <default>false</default>
        </member>
        <member name="P:MigrationTools._EngineV1.Configuration.Processing.WorkItemMigrationConfig.WorkItemIDs">
            <summary>
            A list of work items to import
            </summary>
            <default>[]</default>
        </member>
        <member name="P:MigrationTools._EngineV1.Configuration.Processing.WorkItemMigrationConfig.MaxGracefulFailures">
            <summary>
            The maximum number of failures to tolerate before the migration fails. When set above zero, a work item migration error is logged but the migration will
            continue until the number of failed items reaches the configured value, after which the migration fails.
            </summary>
            <default>0</default>
        </member>
        <member name="P:MigrationTools._EngineV1.Configuration.Processing.WorkItemMigrationConfig.SkipRevisionWithInvalidIterationPath">
            <summary>
            This will skip a revision if the source iteration has not been migrated i.e. it was deleted
            </summary>
        </member>
        <member name="P:MigrationTools._EngineV1.Configuration.Processing.WorkItemMigrationConfig.SkipRevisionWithInvalidAreaPath">
            <summary>
            When set to true, this setting will skip a revision if the source area has not been migrated, has been deleted or is somehow invalid, etc.
            </summary>
        </member>
        <member name="M:MigrationTools._EngineV1.Configuration.Processing.WorkItemMigrationConfig.IsProcessorCompatible(System.Collections.Generic.IReadOnlyList{MigrationTools._EngineV1.Configuration.IProcessorConfig})">
            <inheritdoc />
        </member>
        <member name="M:MigrationTools._EngineV1.Configuration.Processing.WorkItemMigrationConfig.#ctor">
            <summary>
            Creates a new workitemmigrationconfig with default values
            </summary>
        </member>
        <member name="P:MigrationTools._EngineV1.Configuration.Processing.WorkItemPostProcessingConfig.WorkItemIDs">
            <summary>
            A list of work items to import
            </summary>
            <default>[]</default>
        </member>
        <member name="P:MigrationTools._EngineV1.Configuration.Processing.WorkItemPostProcessingConfig.Enabled">
            <inheritdoc />
        </member>
        <member name="P:MigrationTools._EngineV1.Configuration.Processing.WorkItemPostProcessingConfig.Processor">
            <inheritdoc />
        </member>
        <member name="P:MigrationTools._EngineV1.Configuration.Processing.WorkItemPostProcessingConfig.WIQLQuery">
            <summary>
            A work item query based on WIQL to select only important work items. To migrate all leave this empty. See [WIQL Query Bits](#wiql-query-bits)
            </summary>
            <default>AND  [Microsoft.VSTS.Common.ClosedDate] = '' AND [System.WorkItemType] NOT IN ('Test Suite', 'Test Plan','Shared Steps','Shared Parameter','Feedback Request')</default>
        </member>
        <member name="P:MigrationTools._EngineV1.Configuration.Processing.WorkItemPostProcessingConfig.FilterWorkItemsThatAlreadyExistInTarget">
            <summary>
            This loads all of the work items already saved to the Target and removes them from the Source work item list prior to commencing the run.
            While this may take some time in large data sets it reduces the time of the overall migration significantly if you need to restart.
            </summary>
            <default>true</default>
        </member>
        <member name="P:MigrationTools._EngineV1.Configuration.Processing.WorkItemPostProcessingConfig.PauseAfterEachWorkItem">
            <summary>
            Pause after each work item is migrated
            </summary>
            <default>false</default>
        </member>
        <member name="P:MigrationTools._EngineV1.Configuration.Processing.WorkItemPostProcessingConfig.WorkItemCreateRetryLimit">
            <summary>
            **beta** If set to a number greater than 0 work items that fail to save will retry after a number of seconds equal to the retry count.
            This allows for periodic network glitches not to end the process.
            </summary>
            <default>5</default>
        </member>
        <member name="M:MigrationTools._EngineV1.Configuration.Processing.WorkItemPostProcessingConfig.IsProcessorCompatible(System.Collections.Generic.IReadOnlyList{MigrationTools._EngineV1.Configuration.IProcessorConfig})">
            <inheritdoc />
        </member>
        <member name="F:MigrationTools._EngineV1.Configuration.Processing.WorkItemQueryMigrationConfig.sharedFolderName">
            <summary>
            The name of the shared folder, setting the default name
            </summary>
            <default>Shared Queries</default>
        </member>
        <member name="P:MigrationTools._EngineV1.Configuration.Processing.WorkItemQueryMigrationConfig.PrefixProjectToNodes">
            <summary>
            Prefix your iterations and areas with the project name. If you have enabled this in `NodeStructuresMigrationConfig` you must do it here too.
            </summary>
            <default>false</default>
        </member>
        <member name="P:MigrationTools._EngineV1.Configuration.Processing.WorkItemQueryMigrationConfig.SharedFolderName">
            <summary>
            The name of the shared folder, made a parameter incase it every needs to be edited
            </summary>
            <default>none</default>
        </member>
        <member name="P:MigrationTools._EngineV1.Configuration.Processing.WorkItemQueryMigrationConfig.SourceToTargetFieldMappings">
            <summary>
            Any field mappings
            </summary>
            <default>none</default>
        </member>
        <member name="P:MigrationTools._EngineV1.Configuration.Processing.WorkItemQueryMigrationConfig.Enabled">
            <inheritdoc />
        </member>
        <member name="P:MigrationTools._EngineV1.Configuration.Processing.WorkItemQueryMigrationConfig.Processor">
            <inheritdoc />
        </member>
        <member name="M:MigrationTools._EngineV1.Configuration.Processing.WorkItemQueryMigrationConfig.IsProcessorCompatible(System.Collections.Generic.IReadOnlyList{MigrationTools._EngineV1.Configuration.IProcessorConfig})">
            <inheritdoc />
        </member>
        <member name="P:MigrationTools._EngineV1.Configuration.Processing.WorkItemUpdateAreasAsTagsConfig.AreaIterationPath">
            <summary>
            This is a required parameter. That define the root path of the iteration. To get the full path use `\` 
            </summary>
            <default>\</default>
        </member>
        <member name="P:MigrationTools._EngineV1.Configuration.Processing.WorkItemUpdateAreasAsTagsConfig.Enabled">
            <inheritdoc />
        </member>
        <member name="P:MigrationTools._EngineV1.Configuration.Processing.WorkItemUpdateAreasAsTagsConfig.Processor">
            <inheritdoc />
        </member>
        <member name="M:MigrationTools._EngineV1.Configuration.Processing.WorkItemUpdateAreasAsTagsConfig.IsProcessorCompatible(System.Collections.Generic.IReadOnlyList{MigrationTools._EngineV1.Configuration.IProcessorConfig})">
            <inheritdoc />
        </member>
        <member name="P:MigrationTools._EngineV1.Configuration.Processing.WorkItemUpdateConfig.WIQLQuery">
            <summary>
            A work item query based on WIQL to select only important work items. To migrate all leave this empty. See [WIQL Query Bits](#wiql-query-bits)
            </summary>
            <default>AND  [Microsoft.VSTS.Common.ClosedDate] = '' AND [System.WorkItemType] NOT IN ('Test Suite', 'Test Plan','Shared Steps','Shared Parameter','Feedback Request')</default>
        </member>
        <member name="P:MigrationTools._EngineV1.Configuration.Processing.WorkItemUpdateConfig.WorkItemIDs">
            <summary>
            A list of work items to import
            </summary>
            <default>[]</default>
        </member>
        <member name="P:MigrationTools._EngineV1.Configuration.Processing.WorkItemUpdateConfig.FilterWorkItemsThatAlreadyExistInTarget">
            <summary>
            This loads all of the work items already saved to the Target and removes them from the Source work item list prior to commencing the run.
            While this may take some time in large data sets it reduces the time of the overall migration significantly if you need to restart.
            </summary>
            <default>true</default>
        </member>
        <member name="P:MigrationTools._EngineV1.Configuration.Processing.WorkItemUpdateConfig.PauseAfterEachWorkItem">
            <summary>
            Pause after each work item is migrated
            </summary>
            <default>false</default>
        </member>
        <member name="P:MigrationTools._EngineV1.Configuration.Processing.WorkItemUpdateConfig.WorkItemCreateRetryLimit">
            <summary>
            **beta** If set to a number greater than 0 work items that fail to save will retry after a number of seconds equal to the retry count.
            This allows for periodic network glitches not to end the process.
            </summary>
            <default>5</default>
        </member>
        <member name="M:MigrationTools._EngineV1.Configuration.Processing.WorkItemUpdateConfig.IsProcessorCompatible(System.Collections.Generic.IReadOnlyList{MigrationTools._EngineV1.Configuration.IProcessorConfig})">
            <inheritdoc />
        </member>
        <member name="M:MigrationTools._EngineV1.Enrichers.EmbededImagesRepairEnricherBase.#ctor(System.IServiceProvider,Microsoft.Extensions.Logging.ILogger{MigrationTools._EngineV1.Enrichers.EmbededImagesRepairEnricherBase})">
            from https://gist.github.com/pietergheysens/792ed505f09557e77ddfc1b83531e4fb
        </member>
        <member name="M:MigrationTools._EngineV1.Enrichers.EmbededImagesRepairEnricherBase.GetImageFormat(System.Byte[])">
            <summary>
            Retrieve Image Format for a given byte array
            </summary>
            <param name="bytes">Image to check</param>
            <remarks>From https://stackoverflow.com/a/9446045/1317161</remarks>
            <returns>Image format</returns>
        </member>
    </members>
</doc>
